<?xml version='1.0' encoding='utf-8'?>
<!DOCTYPE hibernate-configuration PUBLIC
    "-//Hibernate/Hibernate Configuration DTD//EN"
    "http://www.hibernate.org/dtd/hibernate-configuration-3.0.dtd">
 	
<hibernate-configuration>
    <session-factory>
        <property name="hibernate.dialect">org.hibernate.dialect.PostgreSQLDialect</property>
        <property name="hibernate.connection.driver_class">org.postgresql.Driver</property>
        <property name="hibernate.connection.url">jdbc:postgresql://localhost:5432/PubHub</property>
        <property name="hibernate.connection.username">postgres</property>
        <property name="hibernate.connection.password">password</property>
        <property name="show_sql">true</property>      
        <property name="hbm2ddl.auto">update</property>
        <mapping class="examples.pubhub.model.User"/>
        <mapping class="examples.pubhub.model.Book"/>
        
        
    </session-factory>
</hibernate-configuration>